[
  {
    "value": "Platoon Commander",
    "synonyms": [
      "Platoon Commander",
      "PC"
    ]
  },
  {
    "value": "Commanding Officer",
    "synonyms": [
      "Commanding Officer",
      "CO"
    ]
  },
  {
    "value": "Sergeant",
    "synonyms": [
      "Sergeant",
      "Specialist",
      "Master",
      "Section Commander"
    ]
  },
  {
    "value": "Sergeant major",
    "synonyms": [
      "Sergeant major",
      "SM",
      "CSM",
      "company sergeant major",
      "RSM",
      "regimental sergeant major",
      "SSM",
      "school sergeant major",
      "encik"
    ]
  },
  {
    "value": "OC",
    "synonyms": [
      "OC",
      "Officer Commanding"
    ]
  }
]