[
  {
    "value": "girlfriend",
    "synonyms": [
      "girlfriend",
      "GF",
      "gf"
    ]
  },
  {
    "value": "dad",
    "synonyms": [
      "dad",
      "father",
      "papa"
    ]
  },
  {
    "value": "siblings",
    "synonyms": [
      "siblings",
      "brother",
      "sister"
    ]
  },
  {
    "value": "mother",
    "synonyms": [
      "mother",
      "mum",
      "mama"
    ]
  },
  {
    "value": "grandparents",
    "synonyms": [
      "grandparents",
      "grandfather",
      "grandmother",
      "ah gong",
      "ah ma"
    ]
  }
]