[
  {
    "value": "Cheating",
    "synonyms": [
      "Cheating",
      "seeing someone else"
    ]
  },
  {
    "value": "Ignore",
    "synonyms": [
      "Ignore",
      "cold shoulder"
    ]
  },
  {
    "value": "Violence",
    "synonyms": [
      "Violence",
      "beat",
      "domestic violence",
      "fight",
      "smash",
      "whack"
    ]
  },
  {
    "value": "Break up",
    "synonyms": [
      "Break up",
      "end our relationship"
    ]
  },
  {
    "value": "Bully/hate",
    "synonyms": [
      "Bully",
      "pick on me",
      "ostracize",
      "gang up",
      "blanket party",
      "hate",
      "dislike",
      "sabotage"
    ]
  },
  {
    "value": "punish",
    "synonyms": [
      "punish",
      "tekan"
    ]
  }
]