[
  {
    "id": "aaaa8567-e252-45ea-96c9-334c6d47434e",
    "data": [
      {
        "text": "outfield",
        "meta": "@Military_tough_stuff",
        "alias": "Military_tough_stuff",
        "userDefined": true
      },
      {
        "text": " was damn shag",
        "userDefined": false
      }
    ],
    "isTemplate": false,
    "count": 0,
    "lang": "en",
    "updated": 0
  },
  {
    "id": "f964df93-65cb-4a09-a15f-bbc871f0bfff",
    "data": [
      {
        "text": "training",
        "meta": "@Military_tough_stuff",
        "alias": "Military_tough_stuff",
        "userDefined": true
      },
      {
        "text": " was tough",
        "userDefined": false
      }
    ],
    "isTemplate": false,
    "count": 0,
    "lang": "en",
    "updated": 0
  },
  {
    "id": "8935cfd8-4fd8-4a75-bc5e-ba7b4ab93e55",
    "data": [
      {
        "text": "BMT",
        "meta": "@Military_tough_stuff",
        "alias": "Military_tough_stuff",
        "userDefined": true
      },
      {
        "text": " was so shag",
        "userDefined": false
      }
    ],
    "isTemplate": false,
    "count": 0,
    "lang": "en",
    "updated": 0
  }
]