[
  {
    "id": "2a259993-3a79-4bc2-8d26-fbd892af79cd",
    "data": [
      {
        "text": "I hate SAF",
        "userDefined": false
      }
    ],
    "isTemplate": false,
    "count": 0,
    "lang": "en",
    "updated": 0
  },
  {
    "id": "4f0c5ca1-bd14-475a-9dfd-8cbceac3bd79",
    "data": [
      {
        "text": "I hate NS",
        "userDefined": false
      }
    ],
    "isTemplate": false,
    "count": 0,
    "lang": "en",
    "updated": 0
  },
  {
    "id": "f1420bb9-49e2-474a-a750-e97e75da042e",
    "data": [
      {
        "text": "NS",
        "userDefined": false
      },
      {
        "text": " sucks",
        "userDefined": false
      }
    ],
    "isTemplate": false,
    "count": 0,
    "lang": "en",
    "updated": 0
  },
  {
    "id": "91788248-e666-4a72-b21c-2fca34c9cf7a",
    "data": [
      {
        "text": "improve leave application",
        "userDefined": false
      }
    ],
    "isTemplate": false,
    "count": 0,
    "lang": "en",
    "updated": 0
  },
  {
    "id": "daf2317c-7a72-42f7-9e7e-28936ee7de4c",
    "data": [
      {
        "text": "I would like to provide some feedback",
        "userDefined": false
      }
    ],
    "isTemplate": false,
    "count": 0,
    "lang": "en",
    "updated": 0
  },
  {
    "id": "3a48d3d5-998b-4c5c-a73d-2d31e901fa8d",
    "data": [
      {
        "text": "why not do this instead",
        "userDefined": false
      }
    ],
    "isTemplate": false,
    "count": 0,
    "lang": "en",
    "updated": 0
  },
  {
    "id": "2448cdec-08b6-4801-a5eb-befac41a84c1",
    "data": [
      {
        "text": "It would be better if",
        "userDefined": false
      }
    ],
    "isTemplate": false,
    "count": 0,
    "lang": "en",
    "updated": 0
  },
  {
    "id": "04444643-ee49-444f-9803-f2b730f800f2",
    "data": [
      {
        "text": "I think the system needs to be improved",
        "userDefined": false
      }
    ],
    "isTemplate": false,
    "count": 0,
    "lang": "en",
    "updated": 0
  }
]