[
  {
    "id": "5b293647-de5c-46e1-9a8e-a0891c4755af",
    "data": [
      {
        "text": "Today",
        "meta": "@sys.date-time",
        "alias": "date-time",
        "userDefined": false
      },
      {
        "text": " was fun",
        "userDefined": false
      }
    ],
    "isTemplate": false,
    "count": 0,
    "lang": "en",
    "updated": 0
  },
  {
    "id": "bf69b5b8-15cc-4f92-9285-68744700ea03",
    "data": [
      {
        "text": "I had a great day",
        "userDefined": false
      }
    ],
    "isTemplate": false,
    "count": 0,
    "lang": "en",
    "updated": 0
  }
]