[
  {
    "id": "7e8436b2-fb0d-4e98-a332-a500aa241e0e",
    "data": [
      {
        "text": "my oc tekan me",
        "userDefined": false
      }
    ],
    "isTemplate": false,
    "count": 0,
    "lang": "en",
    "updated": 0
  },
  {
    "id": "893d2718-94b8-4dee-8cc8-d3434439b02d",
    "data": [
      {
        "text": "my encik tekan me",
        "userDefined": false
      }
    ],
    "isTemplate": false,
    "count": 0,
    "lang": "en",
    "updated": 0
  },
  {
    "id": "4c03b424-d9e4-4185-8822-09c83f28c1cc",
    "data": [
      {
        "text": "army problem",
        "userDefined": false
      }
    ],
    "isTemplate": false,
    "count": 0,
    "lang": "en",
    "updated": 0
  },
  {
    "id": "b85dc96f-7b9a-4ef2-b2c4-f6a5f33f15fe",
    "data": [
      {
        "text": "My ",
        "userDefined": false
      },
      {
        "text": "section mates",
        "meta": "@People_men",
        "alias": "people_men",
        "userDefined": true
      },
      {
        "text": " ",
        "userDefined": false
      },
      {
        "text": "beat me up",
        "meta": "@Problems_relationship",
        "alias": "Problems_relationship",
        "userDefined": true
      }
    ],
    "isTemplate": false,
    "count": 0,
    "lang": "en",
    "updated": 0
  },
  {
    "id": "d410f4fc-5f4d-46c5-ba94-2ca1633607d8",
    "data": [
      {
        "text": "My ",
        "userDefined": false
      },
      {
        "text": "section",
        "meta": "@People_men",
        "alias": "people_men",
        "userDefined": true
      },
      {
        "text": " ",
        "userDefined": false
      },
      {
        "text": "blanket partied",
        "meta": "@Problems_relationship",
        "alias": "Problems_relationship",
        "userDefined": false
      },
      {
        "text": " me",
        "userDefined": false
      }
    ],
    "isTemplate": false,
    "count": 0,
    "lang": "en",
    "updated": 0
  },
  {
    "id": "ea39fad4-e687-447f-800e-ddaa69315f8a",
    "data": [
      {
        "text": "My ",
        "userDefined": false
      },
      {
        "text": "buddy",
        "meta": "@People_men",
        "alias": "people_men",
        "userDefined": false
      },
      {
        "text": " ",
        "userDefined": false
      },
      {
        "text": "sabotaged",
        "meta": "@Problems_relationship",
        "alias": "Problems_relationship",
        "userDefined": true
      },
      {
        "text": " me",
        "userDefined": false
      }
    ],
    "isTemplate": false,
    "count": 0,
    "lang": "en",
    "updated": 0
  },
  {
    "id": "fdcbbfa0-1fe6-4b25-a4b0-8cdb9d54c1fd",
    "data": [
      {
        "text": "My ",
        "userDefined": false
      },
      {
        "text": "platoon mates",
        "meta": "@People_men",
        "alias": "people_men",
        "userDefined": false
      },
      {
        "text": " hate me",
        "userDefined": false
      }
    ],
    "isTemplate": false,
    "count": 0,
    "lang": "en",
    "updated": 0
  }
]