[
  {
    "id": "a2713096-807f-475d-bb6b-61bc914ab5d4",
    "data": [
      {
        "text": "My father beats my mother every night",
        "userDefined": false
      }
    ],
    "isTemplate": false,
    "count": 0,
    "lang": "en",
    "updated": 0
  },
  {
    "id": "43843692-283f-49c5-bce7-db6121a8419a",
    "data": [
      {
        "text": "relationship problem",
        "userDefined": false
      }
    ],
    "isTemplate": false,
    "count": 0,
    "lang": "en",
    "updated": 0
  },
  {
    "id": "afa10d55-ef44-4d86-953d-1b56a216a6b5",
    "data": [
      {
        "text": "My ",
        "userDefined": false
      },
      {
        "text": "gf",
        "meta": "@People_Closed_ones",
        "alias": "People_Closed_ones",
        "userDefined": true
      },
      {
        "text": " ",
        "userDefined": false
      },
      {
        "text": "cheated",
        "meta": "@Problems_relationship",
        "alias": "Problems_relationship",
        "userDefined": true
      },
      {
        "text": " on me",
        "userDefined": false
      }
    ],
    "isTemplate": false,
    "count": 0,
    "lang": "en",
    "updated": 0
  },
  {
    "id": "4cdc0b21-7713-444a-838a-c7d143451452",
    "data": [
      {
        "text": "My ",
        "userDefined": false
      },
      {
        "text": "girlfriend",
        "meta": "@People_Closed_ones",
        "alias": "People_Closed_ones",
        "userDefined": true
      },
      {
        "text": " has been ",
        "userDefined": false
      },
      {
        "text": "ignoring my messages",
        "meta": "@Problems_relationship",
        "alias": "Problems_relationship",
        "userDefined": true
      }
    ],
    "isTemplate": false,
    "count": 0,
    "lang": "en",
    "updated": 0
  },
  {
    "id": "b73c9c29-5333-4a49-ace6-182cb7e9b2be",
    "data": [
      {
        "text": "My ",
        "userDefined": false
      },
      {
        "text": "girlfriend",
        "meta": "@People_Closed_ones",
        "alias": "People_Closed_ones",
        "userDefined": true
      },
      {
        "text": " wants to ",
        "userDefined": false
      },
      {
        "text": "break up",
        "meta": "@Problems_relationship",
        "alias": "Problems_relationship",
        "userDefined": true
      },
      {
        "text": " with me",
        "userDefined": false
      }
    ],
    "isTemplate": false,
    "count": 0,
    "lang": "en",
    "updated": 0
  },
  {
    "id": "dde27a43-f8d3-409a-9ec4-627b0f5965a9",
    "data": [
      {
        "text": "I suspect my ",
        "userDefined": false
      },
      {
        "text": "girlfriend",
        "meta": "@People_Closed_ones",
        "alias": "People_Closed_ones",
        "userDefined": true
      },
      {
        "text": " is ",
        "userDefined": false
      },
      {
        "text": "seeing someone else",
        "meta": "@Problems_relationship",
        "alias": "Problems_relationship",
        "userDefined": true
      }
    ],
    "isTemplate": false,
    "count": 0,
    "lang": "en",
    "updated": 0
  }
]