[
  {
    "id": "2b7760ef-a49f-4ba7-8c2d-0c61a1788bce",
    "data": [
      {
        "text": "marijuana",
        "userDefined": false
      }
    ],
    "isTemplate": false,
    "count": 0,
    "lang": "en",
    "updated": 0
  },
  {
    "id": "2d8ed5cf-9f78-4c63-aa5d-90fdbbccb6ef",
    "data": [
      {
        "text": "weed",
        "userDefined": false
      }
    ],
    "isTemplate": false,
    "count": 0,
    "lang": "en",
    "updated": 0
  },
  {
    "id": "c95d81d0-35c5-4a7a-9aff-b7005252acd4",
    "data": [
      {
        "text": "cocaine",
        "userDefined": false
      }
    ],
    "isTemplate": false,
    "count": 0,
    "lang": "en",
    "updated": 0
  },
  {
    "id": "ae00a2f7-99e1-4497-ae38-e98edf1aa968",
    "data": [
      {
        "text": "I am addicted to glue",
        "userDefined": false
      }
    ],
    "isTemplate": false,
    "count": 0,
    "lang": "en",
    "updated": 0
  },
  {
    "id": "43bc7b73-31a7-4b75-a655-8014b9c07f8c",
    "data": [
      {
        "text": "I sniff glue",
        "userDefined": false
      }
    ],
    "isTemplate": false,
    "count": 0,
    "lang": "en",
    "updated": 0
  },
  {
    "id": "0b6da90e-f499-4e92-874a-5ca15cd8c4be",
    "data": [
      {
        "text": "I am addicted to drugs",
        "userDefined": false
      }
    ],
    "isTemplate": false,
    "count": 0,
    "lang": "en",
    "updated": 0
  },
  {
    "id": "899b047a-7138-4fee-8c85-fc688aba2a03",
    "data": [
      {
        "text": "I take drugs",
        "userDefined": false
      }
    ],
    "isTemplate": false,
    "count": 0,
    "lang": "en",
    "updated": 0
  },
  {
    "id": "62daa00e-801b-464a-86b2-0a70ce60c8a0",
    "data": [
      {
        "text": "I am abusing drugs",
        "userDefined": false
      }
    ],
    "isTemplate": false,
    "count": 0,
    "lang": "en",
    "updated": 0
  }
]