[
  {
    "id": "aa4e223b-5194-4d24-8cf9-27cd45f9ac4c",
    "data": [
      {
        "text": "I am addicted to gambling",
        "userDefined": false
      }
    ],
    "isTemplate": false,
    "count": 0,
    "lang": "en",
    "updated": 0
  },
  {
    "id": "ec871d69-a60f-4639-b52d-cc0d2839e012",
    "data": [
      {
        "text": "My father borrows money from illegal money lenders",
        "userDefined": false
      }
    ],
    "isTemplate": false,
    "count": 0,
    "lang": "en",
    "updated": 0
  },
  {
    "id": "0c11efd2-30b5-40e2-aad3-062e63a4ed3d",
    "data": [
      {
        "text": "My bank account is empty",
        "userDefined": false
      }
    ],
    "isTemplate": false,
    "count": 0,
    "lang": "en",
    "updated": 0
  },
  {
    "id": "b71077ae-663b-4ec5-9838-e3cdb304dbbf",
    "data": [
      {
        "text": "My father is addicted to gambling",
        "userDefined": false
      }
    ],
    "isTemplate": false,
    "count": 0,
    "lang": "en",
    "updated": 0
  },
  {
    "id": "6d6db2a3-fe2e-4ddb-8236-59af5408527a",
    "data": [
      {
        "text": "I am going bankrupt",
        "userDefined": false
      }
    ],
    "isTemplate": false,
    "count": 0,
    "lang": "en",
    "updated": 0
  },
  {
    "id": "f18d7982-7de6-4eb5-92c9-e58de3fbc267",
    "data": [
      {
        "text": "money problem",
        "userDefined": false
      }
    ],
    "isTemplate": false,
    "count": 0,
    "lang": "en",
    "updated": 0
  },
  {
    "id": "43797b50-d835-471a-9c89-89e75c5e9281",
    "data": [
      {
        "text": "i have ",
        "userDefined": false
      },
      {
        "text": "no money",
        "meta": "@Problems_financial",
        "alias": "Problems_financial",
        "userDefined": true
      }
    ],
    "isTemplate": false,
    "count": 0,
    "lang": "en",
    "updated": 0
  },
  {
    "id": "13ca4795-a40a-4016-844e-e7e11d110356",
    "data": [
      {
        "text": "My ",
        "userDefined": false
      },
      {
        "text": "dad",
        "meta": "@People_Closed_ones",
        "alias": "People_Closed_ones",
        "userDefined": true
      },
      {
        "text": " ",
        "userDefined": false
      },
      {
        "text": "lost his job",
        "meta": "@Problems_financial",
        "alias": "Problems_financial",
        "userDefined": true
      }
    ],
    "isTemplate": false,
    "count": 0,
    "lang": "en",
    "updated": 0
  },
  {
    "id": "4fb3270b-8c93-49c1-85e5-840b298dfb52",
    "data": [
      {
        "text": "My ",
        "userDefined": false
      },
      {
        "text": "family",
        "meta": "@People_Closed_ones",
        "alias": "People_Closed_ones",
        "userDefined": true
      },
      {
        "text": " is facing ",
        "userDefined": false
      },
      {
        "text": "financial problems",
        "meta": "@Problems_financial",
        "alias": "Problems_financial",
        "userDefined": true
      }
    ],
    "isTemplate": false,
    "count": 0,
    "lang": "en",
    "updated": 0
  }
]