[
  {
    "id": "f72f3b15-ef36-422e-b75f-9b96e623069f",
    "data": [
      {
        "text": "Problem is bothering me",
        "userDefined": false
      }
    ],
    "isTemplate": false,
    "count": 0,
    "lang": "en",
    "updated": 0
  },
  {
    "id": "8c165fa7-28a3-4ffa-b70c-fab52bbedfa6",
    "data": [
      {
        "text": "I have so many problems",
        "userDefined": false
      }
    ],
    "isTemplate": false,
    "count": 0,
    "lang": "en",
    "updated": 0
  },
  {
    "id": "f492a184-d811-4527-aac2-acdc464b2210",
    "data": [
      {
        "text": "I am worried about something",
        "userDefined": false
      }
    ],
    "isTemplate": false,
    "count": 0,
    "lang": "en",
    "updated": 0
  },
  {
    "id": "cdba7110-b587-44a7-b893-2137548852ad",
    "data": [
      {
        "text": "Something is worrying me",
        "userDefined": false
      }
    ],
    "isTemplate": false,
    "count": 0,
    "lang": "en",
    "updated": 0
  },
  {
    "id": "87ee04a3-acc7-42c0-862d-f7f2c3f87d77",
    "data": [
      {
        "text": "I have a problem",
        "userDefined": false
      }
    ],
    "isTemplate": false,
    "count": 0,
    "lang": "en",
    "updated": 0
  }
]