[
  {
    "id": "5f8a0469-6d26-451c-8890-f49671ac9a6a",
    "data": [
      {
        "text": "i want to shoot sir",
        "userDefined": false
      }
    ],
    "isTemplate": false,
    "count": 0,
    "lang": "en",
    "updated": 0
  },
  {
    "id": "e86bf5aa-fd03-459b-a5f0-a59ede64c15e",
    "data": [
      {
        "text": "i want to shoot him",
        "userDefined": false
      }
    ],
    "isTemplate": false,
    "count": 0,
    "lang": "en",
    "updated": 0
  },
  {
    "id": "50a0eb97-300a-4c8e-b1c7-4bb708456e39",
    "data": [
      {
        "text": "kill sir",
        "userDefined": false
      }
    ],
    "isTemplate": false,
    "count": 0,
    "lang": "en",
    "updated": 0
  },
  {
    "id": "f9ebe575-b91a-4074-b656-08cdcacb33f3",
    "data": [
      {
        "text": "kill sgt",
        "userDefined": false
      }
    ],
    "isTemplate": false,
    "count": 0,
    "lang": "en",
    "updated": 0
  },
  {
    "id": "cec09be2-e94b-42d1-ade4-b84f42e4bd6b",
    "data": [
      {
        "text": "i want to kill him",
        "userDefined": false
      }
    ],
    "isTemplate": false,
    "count": 0,
    "lang": "en",
    "updated": 0
  },
  {
    "id": "eac54659-957f-48d5-a852-2b1f42a71c30",
    "data": [
      {
        "text": "i want kill sgt",
        "userDefined": false
      }
    ],
    "isTemplate": false,
    "count": 0,
    "lang": "en",
    "updated": 0
  },
  {
    "id": "6af9a41c-87c1-4b68-9aaf-31e284ac328c",
    "data": [
      {
        "text": "no one cares if i were dead",
        "userDefined": false
      }
    ],
    "isTemplate": false,
    "count": 0,
    "lang": "en",
    "updated": 0
  },
  {
    "id": "e015673c-4077-45d4-b607-c1637e42c4f9",
    "data": [
      {
        "text": "living is pointless",
        "userDefined": false
      }
    ],
    "isTemplate": false,
    "count": 0,
    "lang": "en",
    "updated": 0
  },
  {
    "id": "ed17d170-86dc-4af0-8ccd-e30648bb7011",
    "data": [
      {
        "text": "there is no point to live",
        "userDefined": false
      }
    ],
    "isTemplate": false,
    "count": 0,
    "lang": "en",
    "updated": 0
  },
  {
    "id": "d783f03c-6c73-4d64-92f6-b309a5b80acd",
    "data": [
      {
        "text": "i want to die",
        "userDefined": false
      }
    ],
    "isTemplate": false,
    "count": 0,
    "lang": "en",
    "updated": 0
  },
  {
    "id": "ef1ac469-3d8e-4c13-acee-1c1727cd4500",
    "data": [
      {
        "text": "i want to kill myself",
        "userDefined": false
      }
    ],
    "isTemplate": false,
    "count": 0,
    "lang": "en",
    "updated": 0
  }
]