[
  {
    "id": "7b8c6522-406e-4107-a8ae-df1d9c6a3f69",
    "data": [
      {
        "text": "chibai",
        "userDefined": false
      }
    ],
    "isTemplate": false,
    "count": 0,
    "lang": "en",
    "updated": 0
  },
  {
    "id": "0ce0a3fc-b059-467c-a082-4ceacca3e60b",
    "data": [
      {
        "text": "idiot",
        "userDefined": false
      }
    ],
    "isTemplate": false,
    "count": 0,
    "lang": "en",
    "updated": 0
  },
  {
    "id": "80e1a92a-4a3b-4241-b206-660a7ce512cf",
    "data": [
      {
        "text": "your mother",
        "userDefined": false
      }
    ],
    "isTemplate": false,
    "count": 0,
    "lang": "en",
    "updated": 0
  },
  {
    "id": "84c80477-7c06-475e-afec-6b8423c68ee4",
    "data": [
      {
        "text": "ccb",
        "userDefined": false
      }
    ],
    "isTemplate": false,
    "count": 0,
    "lang": "en",
    "updated": 0
  },
  {
    "id": "d4bc50db-d856-4372-afed-c9c30c568ba7",
    "data": [
      {
        "text": "wtf",
        "userDefined": false
      }
    ],
    "isTemplate": false,
    "count": 0,
    "lang": "en",
    "updated": 0
  },
  {
    "id": "3f8d0102-7ca1-466d-b0ff-c2368af2753f",
    "data": [
      {
        "text": "stfu",
        "userDefined": false
      }
    ],
    "isTemplate": false,
    "count": 0,
    "lang": "en",
    "updated": 0
  },
  {
    "id": "78745e1d-c018-433d-94b2-0570bca226cc",
    "data": [
      {
        "text": "knn",
        "userDefined": false
      }
    ],
    "isTemplate": false,
    "count": 0,
    "lang": "en",
    "updated": 0
  },
  {
    "id": "082aac6c-44ac-428d-b9df-813e6791b94b",
    "data": [
      {
        "text": "knnbccb",
        "userDefined": false
      }
    ],
    "isTemplate": false,
    "count": 0,
    "lang": "en",
    "updated": 0
  },
  {
    "id": "9ae2cc5b-1745-4d01-b324-25fcd45d51c8",
    "data": [
      {
        "text": "fuck you",
        "userDefined": false
      }
    ],
    "isTemplate": false,
    "count": 0,
    "lang": "en",
    "updated": 0
  }
]