[
  {
    "action": "smalltalk.user.angry",
    "customAnswers": [
      "Tell me more"
    ]
  },
  {
    "action": "smalltalk.user.can_not_sleep",
    "customAnswers": [
      "Why is that so?"
    ]
  },
  {
    "action": "smalltalk.user.does_not_want_to_talk",
    "customAnswers": [
      "Ok, goodbye."
    ]
  },
  {
    "action": "smalltalk.user.excited",
    "customAnswers": [
      "Ooh what happened"
    ]
  },
  {
    "action": "smalltalk.user.going_to_bed",
    "customAnswers": [
      "Alright goodnight"
    ]
  },
  {
    "action": "smalltalk.user.good",
    "customAnswers": [
      "That\u0027s good to know"
    ]
  },
  {
    "action": "smalltalk.user.happy",
    "customAnswers": [
      "That\u0027s great."
    ]
  },
  {
    "action": "smalltalk.user.joking",
    "customAnswers": [
      "HAHAHAHHAHA"
    ]
  },
  {
    "action": "smalltalk.user.likes_agent",
    "customAnswers": [
      "Thank you, me too"
    ]
  },
  {
    "action": "smalltalk.user.lonely",
    "customAnswers": [
      "I am here for you, tell me what\u0027s bothering you"
    ]
  }
]